"","name","mean1","mean2","sd1","sd2"
"1","EMca",0.8275,0.5915,0.00494974746830584,0.021920310216783
"2","EMmean",0.845,0.554,0,0
"3","EMwmean",0.843,0.554,0,0
